# Images the client shared in Google Drive (folder 1pl41VDPbK5OvoYT5U0bVNMkB6tDYBY9X, "anyone with the link").
# name	drive-file-id
Intro.jpg	1NIb6JhZzDhQ5UOXP3npcteB1AWG-1fhM
0.1 and 0.2.jpg	10eycg1sTYyMgpDNfIS60NEOPM7u6YbZN
day_1.jpg	1NTIA5r23H6AGMlLbQGMQYt_o9b14qjHO
1.1.jpg	1ZiCttjk5YWIC61adqvtrhlwvsMBeshvb
1.2.jpg	1IEcYHkq97ifEoTPVHbvjCuMXiGzjZzjm
day_2.jpg	1m15slR6HjByuT80tmzluoWaACPn_LwUU
2.1.jpg	1ZCNfesBUeH05lsxuu61cuZgbrB_nZQis
2.2.jpg	1GsaR86vQKj-9VY-tP8Vr7r55Pow6z6tK
2.3.jpg	1wJmoTrf2rwl8ji5mTfDrERzK40tP_1RM
2.4 and 2.5.jpg	1jXa83n3uQj5UH98ytZk_OuFgjst1kT2t
2.6.jpg	1epaosjCWSClYEIyoLNDWo8HAw5-DWOFa
2.7.jpg	1W6T6EbTIoyDj6czt0rGZB8MpgGP_OUa0
2.8.jpg	13MP65fMwcNGm9oAVecxv-1EmDczCfW2f
day_3.jpg	1fsXTELPZW53UV1CAo1bEfkN3mA6Y7i8U
3.1.jpg	1-uoZ5doyLDiUpfQBMvsp_GuK9886zpK2
3.2.jpg	1LysL9lA4loLXdOH-5rIVDHNvL3TBy0aH
day_4.jpg	134fHoyTiDv_VCmEyPE-Go2AprDvS2HUz
4.1.jpg	1QhxyFkJWfkfnz9QpSGkKEyi6t9W98p4N
4.2.jpg	1IDxBeQ7tgphfqY_6mnz7mPlNT7A47_Hs
4.3.jpg	1hutX29WUs8KBYMYXaw6_xogGltcshpWi
4.4.jpg	13IYZsTwj9c4zfWn1sShIlq19j709E_sj
4.5.jpg	1pzIr9tamsOHR5h91kbuxAIu4CMg3cJsM
day_5.jpg	1JrCDqeESWFoeQXqj-xUF0B0nuS6e_3jE
5.1.jpg	1F6RgMkmsNAOCiE862zpjfuLboxwPQyoI
5.2.jpg	1sZktD86If97PNCXCn8hAbysu14cO6k3i
5.3.jpg	1OFKJViRrkEn5CXmsHY7wHXnJV5BG2Jtv
5.4.jpg	1Bh-lraE4r4EisT31e1s3_tlbgRgPt5kH
day_6.jpg	1EsFK9UgIbAGVmoWe6WWCQ9MNMrjcKAH9
6.1.jpg	1XCKtqmPJ6YaTtKHSERr9lxkV8YDmj-gV
6.2.jpg	1z_gm3NIZbtJbB__MSzAUhkrRaeDfC1wv
6.3.jpg	1FQEs0bnb4EcUIkvlOVoLwNFO4-56cKMz
Day_7.jpg	1c1s4EiiZKUrEq15X8GsTONHLVFa2TtM1
7.1.jpg	1XPiDpcjGPoG3rbGMbil-68zeWIJ1mQck
7.2.jpg	18dX23jssnRsgd03lUQM_2CnuJcr-iR2E
7.3.jpg	17EhiJd-ZgHgyFaKOW0E_-SH1_Mc2sFu_
7.4.jpg	1k2AgdhOsb_A1y_nKD-uL49cDAsp4nXDb
conclusion.jpg	19V9z3xLJyqt2UPNnEHBIaA1qZ_9gCoQZ
Dan Mutavi.jpg	1OtviG4RQsTWrkA4yEriIrWU7_acNmFc6
camera.jpg	1mWemIoOIQr-F_lY60srJFJdknXCH1s7b
